{"cameraMode":{"drawMode":0,"name":"Shaded","section":"Shading Mode"},"sceneLighting":false,"audioPlay":false,"sceneViewState":{"m_AlwaysRefresh":false,"showFog":true,"showSkybox":false,"showFlares":true,"showImageEffects":true,"showParticleSystems":true,"showVisualEffectGraphs":true,"m_FxEnabled":true},"in2DMode":false,"pivot":{"x":0.027273893356323243,"y":1.0237236022949219,"z":0.07047200202941895},"rotation":{"x":-0.16695162653923036,"y":0.3947216868400574,"z":-0.0731782391667366,"w":-0.9005393981933594},"size":2.7980165481567385,"orthographic":false}